"product","price","img_link"
"Bulbasaur","£63.00","https://scrapeme.live/wp-content/uploads/2018/08/001-350x350.png"
"Ivysaur","£87.00","https://scrapeme.live/wp-content/uploads/2018/08/002-350x350.png"
"Venusaur","£105.00","https://scrapeme.live/wp-content/uploads/2018/08/003-350x350.png"
"Charmander","£48.00","https://scrapeme.live/wp-content/uploads/2018/08/004-350x350.png"
"Charmeleon","£165.00","https://scrapeme.live/wp-content/uploads/2018/08/005-350x350.png"
"Charizard","£156.00","https://scrapeme.live/wp-content/uploads/2018/08/006-350x350.png"
"Squirtle","£130.00","https://scrapeme.live/wp-content/uploads/2018/08/007-350x350.png"
"Wartortle","£123.00","https://scrapeme.live/wp-content/uploads/2018/08/008-350x350.png"
"Blastoise","£76.00","https://scrapeme.live/wp-content/uploads/2018/08/009-350x350.png"
"Caterpie","£73.00","https://scrapeme.live/wp-content/uploads/2018/08/010-350x350.png"
"Metapod","£148.00","https://scrapeme.live/wp-content/uploads/2018/08/011-350x350.png"
"Butterfree","£162.00","https://scrapeme.live/wp-content/uploads/2018/08/012-350x350.png"
"Weedle","£25.00","https://scrapeme.live/wp-content/uploads/2018/08/013-350x350.png"
"Kakuna","£148.00","https://scrapeme.live/wp-content/uploads/2018/08/014-350x350.png"
"Beedrill","£168.00","https://scrapeme.live/wp-content/uploads/2018/08/015-350x350.png"
"Pidgey","£159.00","https://scrapeme.live/wp-content/uploads/2018/08/016-350x350.png"
"Pidgeotto","£84.00","https://scrapeme.live/wp-content/uploads/2018/08/017-350x350.png"
"Pidgeot","£185.00","https://scrapeme.live/wp-content/uploads/2018/08/018-350x350.png"
"Rattata","£128.00","https://scrapeme.live/wp-content/uploads/2018/08/019-350x350.png"
"Raticate","£60.00","https://scrapeme.live/wp-content/uploads/2018/08/020-350x350.png"
"Spearow","£133.00","https://scrapeme.live/wp-content/uploads/2018/08/021-350x350.png"
"Fearow","£95.00","https://scrapeme.live/wp-content/uploads/2018/08/022-350x350.png"
"Ekans","£55.00","https://scrapeme.live/wp-content/uploads/2018/08/023-350x350.png"
"Arbok","£182.00","https://scrapeme.live/wp-content/uploads/2018/08/024-350x350.png"
"Pikachu","£37.00","https://scrapeme.live/wp-content/uploads/2018/08/025-350x350.png"
"Raichu","£140.00","https://scrapeme.live/wp-content/uploads/2018/08/026-350x350.png"
"Sandshrew","£82.00","https://scrapeme.live/wp-content/uploads/2018/08/027-350x350.png"
"Sandslash","£155.00","https://scrapeme.live/wp-content/uploads/2018/08/028-350x350.png"
"Nidorina","£28.00","https://scrapeme.live/wp-content/uploads/2018/08/030-350x350.png"
"Nidoqueen","£106.00","https://scrapeme.live/wp-content/uploads/2018/08/031-350x350.png"
"Nidorino","£179.00","https://scrapeme.live/wp-content/uploads/2018/08/033-350x350.png"
"Nidoking","£31.00","https://scrapeme.live/wp-content/uploads/2018/08/034-350x350.png"
"Clefairy","£160.00","https://scrapeme.live/wp-content/uploads/2018/08/035-350x350.png"
"Clefable","£188.00","https://scrapeme.live/wp-content/uploads/2018/08/036-350x350.png"
"Vulpix","£85.00","https://scrapeme.live/wp-content/uploads/2018/08/037-350x350.png"
"Ninetales","£52.00","https://scrapeme.live/wp-content/uploads/2018/08/038-350x350.png"
"Jigglypuff","£61.00","https://scrapeme.live/wp-content/uploads/2018/08/039-350x350.png"
"Wigglytuff","£130.00","https://scrapeme.live/wp-content/uploads/2018/08/040-350x350.png"
"Zubat","£125.00","https://scrapeme.live/wp-content/uploads/2018/08/041-350x350.png"
"Golbat","£136.00","https://scrapeme.live/wp-content/uploads/2018/08/042-350x350.png"
"Oddish","£45.00","https://scrapeme.live/wp-content/uploads/2018/08/043-350x350.png"
"Gloom","£178.00","https://scrapeme.live/wp-content/uploads/2018/08/044-350x350.png"
"Vileplume","£170.00","https://scrapeme.live/wp-content/uploads/2018/08/045-350x350.png"
"Paras","£168.00","https://scrapeme.live/wp-content/uploads/2018/08/046-350x350.png"
"Parasect","£27.00","https://scrapeme.live/wp-content/uploads/2018/08/047-350x350.png"
"Venonat","£158.00","https://scrapeme.live/wp-content/uploads/2018/08/048-350x350.png"
"Venomoth","£53.00","https://scrapeme.live/wp-content/uploads/2018/08/049-350x350.png"
"Diglett","£122.00","https://scrapeme.live/wp-content/uploads/2018/08/050-350x350.png"
"Dugtrio","£111.00","https://scrapeme.live/wp-content/uploads/2018/08/051-350x350.png"
"Meowth","£131.00","https://scrapeme.live/wp-content/uploads/2018/08/052-350x350.png"
"Persian","£200.00","https://scrapeme.live/wp-content/uploads/2018/08/053-350x350.png"
"Psyduck","£182.00","https://scrapeme.live/wp-content/uploads/2018/08/054-350x350.png"
"Golduck","£31.00","https://scrapeme.live/wp-content/uploads/2018/08/055-350x350.png"
"Mankey","£125.00","https://scrapeme.live/wp-content/uploads/2018/08/056-350x350.png"
"Primeape","£86.00","https://scrapeme.live/wp-content/uploads/2018/08/057-350x350.png"
"Growlithe","£30.00","https://scrapeme.live/wp-content/uploads/2018/08/058-350x350.png"
"Arcanine","£69.00","https://scrapeme.live/wp-content/uploads/2018/08/059-350x350.png"
"Poliwag","£174.00","https://scrapeme.live/wp-content/uploads/2018/08/060-350x350.png"
"Poliwhirl","£121.00","https://scrapeme.live/wp-content/uploads/2018/08/061-350x350.png"
"Poliwrath","£152.00","https://scrapeme.live/wp-content/uploads/2018/08/062-350x350.png"
"Abra","£141.00","https://scrapeme.live/wp-content/uploads/2018/08/063-350x350.png"
"Kadabra","£129.00","https://scrapeme.live/wp-content/uploads/2018/08/064-350x350.png"
"Alakazam","£40.00","https://scrapeme.live/wp-content/uploads/2018/08/065-350x350.png"
"Machop","£166.00","https://scrapeme.live/wp-content/uploads/2018/08/066-350x350.png"
"Machoke","£27.00","https://scrapeme.live/wp-content/uploads/2018/08/067-350x350.png"
"Machamp","£121.00","https://scrapeme.live/wp-content/uploads/2018/08/068-350x350.png"
"Bellsprout","£74.00","https://scrapeme.live/wp-content/uploads/2018/08/069-350x350.png"
"Weepinbell","£26.00","https://scrapeme.live/wp-content/uploads/2018/08/070-350x350.png"
"Victreebel","£68.00","https://scrapeme.live/wp-content/uploads/2018/08/071-350x350.png"
"Tentacool","£186.00","https://scrapeme.live/wp-content/uploads/2018/08/072-350x350.png"
"Tentacruel","£65.00","https://scrapeme.live/wp-content/uploads/2018/08/073-350x350.png"
"Geodude","£32.00","https://scrapeme.live/wp-content/uploads/2018/08/074-350x350.png"
"Graveler","£182.00","https://scrapeme.live/wp-content/uploads/2018/08/075-350x350.png"
"Golem","£103.00","https://scrapeme.live/wp-content/uploads/2018/08/076-350x350.png"
"Ponyta","£53.00","https://scrapeme.live/wp-content/uploads/2018/08/077-350x350.png"
"Rapidash","£98.00","https://scrapeme.live/wp-content/uploads/2018/08/078-350x350.png"
"Slowpoke","£109.00","https://scrapeme.live/wp-content/uploads/2018/08/079-350x350.png"
"Slowbro","£179.00","https://scrapeme.live/wp-content/uploads/2018/08/080-350x350.png"
"Magnemite","£100.00","https://scrapeme.live/wp-content/uploads/2018/08/081-350x350.png"
"Magneton","£191.00","https://scrapeme.live/wp-content/uploads/2018/08/082-350x350.png"
"Farfetchd","£185.00","https://scrapeme.live/wp-content/uploads/2018/08/083-350x350.png"
"Doduo","£73.00","https://scrapeme.live/wp-content/uploads/2018/08/084-350x350.png"
"Dodrio","£138.00","https://scrapeme.live/wp-content/uploads/2018/08/085-350x350.png"
"Seel","£164.00","https://scrapeme.live/wp-content/uploads/2018/08/086-350x350.png"
"Dewgong","£70.00","https://scrapeme.live/wp-content/uploads/2018/08/087-350x350.png"
"Grimer","£147.00","https://scrapeme.live/wp-content/uploads/2018/08/088-350x350.png"
"Muk","£187.00","https://scrapeme.live/wp-content/uploads/2018/08/089-350x350.png"
"Shellder","£138.00","https://scrapeme.live/wp-content/uploads/2018/08/090-350x350.png"
"Cloyster","£199.00","https://scrapeme.live/wp-content/uploads/2018/08/091-350x350.png"
"Gastly","£179.00","https://scrapeme.live/wp-content/uploads/2018/08/092-350x350.png"
"Haunter","£42.00","https://scrapeme.live/wp-content/uploads/2018/08/093-350x350.png"
"Gengar","£149.00","https://scrapeme.live/wp-content/uploads/2018/08/094-350x350.png"
"Onix","£37.00","https://scrapeme.live/wp-content/uploads/2018/08/095-350x350.png"
"Drowzee","£40.00","https://scrapeme.live/wp-content/uploads/2018/08/096-350x350.png"
"Hypno","£198.00","https://scrapeme.live/wp-content/uploads/2018/08/097-350x350.png"
"Krabby","£64.00","https://scrapeme.live/wp-content/uploads/2018/08/098-350x350.png"
"Kingler","£72.00","https://scrapeme.live/wp-content/uploads/2018/08/099-350x350.png"
"Voltorb","£189.00","https://scrapeme.live/wp-content/uploads/2018/08/100-350x350.png"
"Electrode","£100.00","https://scrapeme.live/wp-content/uploads/2018/08/101-350x350.png"
"Exeggcute","£126.00","https://scrapeme.live/wp-content/uploads/2018/08/102-350x350.png"
"Exeggutor","£68.00","https://scrapeme.live/wp-content/uploads/2018/08/103-350x350.png"
"Cubone","£177.00","https://scrapeme.live/wp-content/uploads/2018/08/104-350x350.png"
"Marowak","£36.00","https://scrapeme.live/wp-content/uploads/2018/08/105-350x350.png"
"Hitmonlee","£73.00","https://scrapeme.live/wp-content/uploads/2018/08/106-350x350.png"
"Hitmonchan","£91.00","https://scrapeme.live/wp-content/uploads/2018/08/107-350x350.png"
"Lickitung","£142.00","https://scrapeme.live/wp-content/uploads/2018/08/108-350x350.png"
"Koffing","£38.00","https://scrapeme.live/wp-content/uploads/2018/08/109-350x350.png"
"Weezing","£48.00","https://scrapeme.live/wp-content/uploads/2018/08/110-350x350.png"
"Rhyhorn","£124.00","https://scrapeme.live/wp-content/uploads/2018/08/111-350x350.png"
"Rhydon","£27.00","https://scrapeme.live/wp-content/uploads/2018/08/112-350x350.png"
"Chansey","£176.00","https://scrapeme.live/wp-content/uploads/2018/08/113-350x350.png"
"Tangela","£64.00","https://scrapeme.live/wp-content/uploads/2018/08/114-350x350.png"
"Kangaskhan","£164.00","https://scrapeme.live/wp-content/uploads/2018/08/115-350x350.png"
"Horsea","£154.00","https://scrapeme.live/wp-content/uploads/2018/08/116-350x350.png"
"Seadra","£51.00","https://scrapeme.live/wp-content/uploads/2018/08/117-350x350.png"
"Goldeen","£170.00","https://scrapeme.live/wp-content/uploads/2018/08/118-350x350.png"
"Seaking","£129.00","https://scrapeme.live/wp-content/uploads/2018/08/119-350x350.png"
"Staryu","£166.00","https://scrapeme.live/wp-content/uploads/2018/08/120-350x350.png"
"Starmie","£176.00","https://scrapeme.live/wp-content/uploads/2018/08/121-350x350.png"
"Mr-mime","£144.00","https://scrapeme.live/wp-content/uploads/2018/08/122-350x350.png"
"Scyther","£85.00","https://scrapeme.live/wp-content/uploads/2018/08/123-350x350.png"
"Jynx","£138.00","https://scrapeme.live/wp-content/uploads/2018/08/124-350x350.png"
"Electabuzz","£125.00","https://scrapeme.live/wp-content/uploads/2018/08/125-350x350.png"
"Magmar","£130.00","https://scrapeme.live/wp-content/uploads/2018/08/126-350x350.png"
"Pinsir","£141.00","https://scrapeme.live/wp-content/uploads/2018/08/127-350x350.png"
"Tauros","£63.00","https://scrapeme.live/wp-content/uploads/2018/08/128-350x350.png"
"Magikarp","£43.00","https://scrapeme.live/wp-content/uploads/2018/08/129-350x350.png"
"Gyarados","£79.00","https://scrapeme.live/wp-content/uploads/2018/08/130-350x350.png"
"Lapras","£172.00","https://scrapeme.live/wp-content/uploads/2018/08/131-350x350.png"
"Ditto","£75.00","https://scrapeme.live/wp-content/uploads/2018/08/132-350x350.png"
"Eevee","£112.00","https://scrapeme.live/wp-content/uploads/2018/08/133-350x350.png"
"Vaporeon","£147.00","https://scrapeme.live/wp-content/uploads/2018/08/134-350x350.png"
"Jolteon","£158.00","https://scrapeme.live/wp-content/uploads/2018/08/135-350x350.png"
"Flareon","£34.00","https://scrapeme.live/wp-content/uploads/2018/08/136-350x350.png"
"Porygon","£178.00","https://scrapeme.live/wp-content/uploads/2018/08/137-350x350.png"
"Omanyte","£162.00","https://scrapeme.live/wp-content/uploads/2018/08/138-350x350.png"
"Omastar","£61.00","https://scrapeme.live/wp-content/uploads/2018/08/139-350x350.png"
"Kabuto","£79.00","https://scrapeme.live/wp-content/uploads/2018/08/140-350x350.png"
"Kabutops","£57.00","https://scrapeme.live/wp-content/uploads/2018/08/141-350x350.png"
"Aerodactyl","£56.00","https://scrapeme.live/wp-content/uploads/2018/08/142-350x350.png"
"Snorlax","£134.00","https://scrapeme.live/wp-content/uploads/2018/08/143-350x350.png"
"Articuno","£77.00","https://scrapeme.live/wp-content/uploads/2018/08/144-350x350.png"
"Zapdos","£133.00","https://scrapeme.live/wp-content/uploads/2018/08/145-350x350.png"
"Moltres","£178.00","https://scrapeme.live/wp-content/uploads/2018/08/146-350x350.png"
"Dratini","£94.00","https://scrapeme.live/wp-content/uploads/2018/08/147-350x350.png"
"Dragonair","£57.00","https://scrapeme.live/wp-content/uploads/2018/08/148-350x350.png"
"Dragonite","£69.00","https://scrapeme.live/wp-content/uploads/2018/08/149-350x350.png"
"Mewtwo","£43.00","https://scrapeme.live/wp-content/uploads/2018/08/150-350x350.png"
"Mew","£136.00","https://scrapeme.live/wp-content/uploads/2018/08/151-350x350.png"
"Chikorita","£127.00","https://scrapeme.live/wp-content/uploads/2018/08/152-350x350.png"
"Bayleef","£44.00","https://scrapeme.live/wp-content/uploads/2018/08/153-350x350.png"
"Meganium","£163.00","https://scrapeme.live/wp-content/uploads/2018/08/154-350x350.png"
"Cyndaquil","£154.00","https://scrapeme.live/wp-content/uploads/2018/08/155-350x350.png"
"Quilava","£85.00","https://scrapeme.live/wp-content/uploads/2018/08/156-350x350.png"
"Typhlosion","£191.00","https://scrapeme.live/wp-content/uploads/2018/08/157-350x350.png"
"Totodile","£190.00","https://scrapeme.live/wp-content/uploads/2018/08/158-350x350.png"
"Croconaw","£175.00","https://scrapeme.live/wp-content/uploads/2018/08/159-350x350.png"
"Feraligatr","£183.00","https://scrapeme.live/wp-content/uploads/2018/08/160-350x350.png"
"Sentret","£48.00","https://scrapeme.live/wp-content/uploads/2018/08/161-350x350.png"
"Furret","£154.00","https://scrapeme.live/wp-content/uploads/2018/08/162-350x350.png"
"Hoothoot","£48.00","https://scrapeme.live/wp-content/uploads/2018/08/163-350x350.png"
"Noctowl","£170.00","https://scrapeme.live/wp-content/uploads/2018/08/164-350x350.png"
"Ledyba","£98.00","https://scrapeme.live/wp-content/uploads/2018/08/165-350x350.png"
"Ledian","£136.00","https://scrapeme.live/wp-content/uploads/2018/08/166-350x350.png"
"Spinarak","£199.00","https://scrapeme.live/wp-content/uploads/2018/08/167-350x350.png"
"Ariados","£85.00","https://scrapeme.live/wp-content/uploads/2018/08/168-350x350.png"
"Crobat","£195.00","https://scrapeme.live/wp-content/uploads/2018/08/169-350x350.png"
"Chinchou","£59.00","https://scrapeme.live/wp-content/uploads/2018/08/170-350x350.png"
"Lanturn","£131.00","https://scrapeme.live/wp-content/uploads/2018/08/171-350x350.png"
"Pichu","£193.00","https://scrapeme.live/wp-content/uploads/2018/08/172-350x350.png"
"Cleffa","£107.00","https://scrapeme.live/wp-content/uploads/2018/08/173-350x350.png"
"Igglybuff","£189.00","https://scrapeme.live/wp-content/uploads/2018/08/174-350x350.png"
"Togepi","£47.00","https://scrapeme.live/wp-content/uploads/2018/08/175-350x350.png"
"Togetic","£69.00","https://scrapeme.live/wp-content/uploads/2018/08/176-350x350.png"
"Natu","£99.00","https://scrapeme.live/wp-content/uploads/2018/08/177-350x350.png"
"Xatu","£123.00","https://scrapeme.live/wp-content/uploads/2018/08/178-350x350.png"
"Mareep","£79.00","https://scrapeme.live/wp-content/uploads/2018/08/179-350x350.png"
"Flaaffy","£163.00","https://scrapeme.live/wp-content/uploads/2018/08/180-350x350.png"
"Ampharos","£41.00","https://scrapeme.live/wp-content/uploads/2018/08/181-350x350.png"
"Bellossom","£25.00","https://scrapeme.live/wp-content/uploads/2018/08/182-350x350.png"
"Marill","£127.00","https://scrapeme.live/wp-content/uploads/2018/08/183-350x350.png"
"Azumarill","£175.00","https://scrapeme.live/wp-content/uploads/2018/08/184-350x350.png"
"Sudowoodo","£54.00","https://scrapeme.live/wp-content/uploads/2018/08/185-350x350.png"
"Politoed","£193.00","https://scrapeme.live/wp-content/uploads/2018/08/186-350x350.png"
"Hoppip","£107.00","https://scrapeme.live/wp-content/uploads/2018/08/187-350x350.png"
"Skiploom","£185.00","https://scrapeme.live/wp-content/uploads/2018/08/188-350x350.png"
"Jumpluff","£107.00","https://scrapeme.live/wp-content/uploads/2018/08/189-350x350.png"
"Aipom","£182.00","https://scrapeme.live/wp-content/uploads/2018/08/190-350x350.png"
"Sunkern","£150.00","https://scrapeme.live/wp-content/uploads/2018/08/191-350x350.png"
"Sunflora","£33.00","https://scrapeme.live/wp-content/uploads/2018/08/192-350x350.png"
"Yanma","£130.00","https://scrapeme.live/wp-content/uploads/2018/08/193-350x350.png"
"Wooper","£98.00","https://scrapeme.live/wp-content/uploads/2018/08/194-350x350.png"
"Quagsire","£37.00","https://scrapeme.live/wp-content/uploads/2018/08/195-350x350.png"
"Espeon","£177.00","https://scrapeme.live/wp-content/uploads/2018/08/196-350x350.png"
"Umbreon","£78.00","https://scrapeme.live/wp-content/uploads/2018/08/197-350x350.png"
"Murkrow","£178.00","https://scrapeme.live/wp-content/uploads/2018/08/198-350x350.png"
"Slowking","£174.00","https://scrapeme.live/wp-content/uploads/2018/08/199-350x350.png"
"Misdreavus","£33.00","https://scrapeme.live/wp-content/uploads/2018/08/200-350x350.png"
"Unown","£198.00","https://scrapeme.live/wp-content/uploads/2018/08/201-350x350.png"
"Wobbuffet","£107.00","https://scrapeme.live/wp-content/uploads/2018/08/202-350x350.png"
"Girafarig","£99.00","https://scrapeme.live/wp-content/uploads/2018/08/203-350x350.png"
"Gligar","£112.00","https://scrapeme.live/wp-content/uploads/2018/08/207-350x350.png"
"Steelix","£116.00","https://scrapeme.live/wp-content/uploads/2018/08/208-350x350.png"
"Snubbull","£63.00","https://scrapeme.live/wp-content/uploads/2018/08/209-350x350.png"
"Granbull","£59.00","https://scrapeme.live/wp-content/uploads/2018/08/210-350x350.png"
"Qwilfish","£77.00","https://scrapeme.live/wp-content/uploads/2018/08/211-350x350.png"
"Scizor","£172.00","https://scrapeme.live/wp-content/uploads/2018/08/212-350x350.png"
"Shuckle","£194.00","https://scrapeme.live/wp-content/uploads/2018/08/213-350x350.png"
"Heracross","£143.00","https://scrapeme.live/wp-content/uploads/2018/08/214-350x350.png"
"Sneasel","£108.00","https://scrapeme.live/wp-content/uploads/2018/08/215-350x350.png"
"Teddiursa","£173.00","https://scrapeme.live/wp-content/uploads/2018/08/216-350x350.png"
"Ursaring","£31.00","https://scrapeme.live/wp-content/uploads/2018/08/217-350x350.png"
"Magcargo","£36.00","https://scrapeme.live/wp-content/uploads/2018/08/219-350x350.png"
"Swinub","£132.00","https://scrapeme.live/wp-content/uploads/2018/08/220-350x350.png"
"Piloswine","£84.00","https://scrapeme.live/wp-content/uploads/2018/08/221-350x350.png"
"Corsola","£27.00","https://scrapeme.live/wp-content/uploads/2018/08/222-350x350.png"
"Remoraid","£122.00","https://scrapeme.live/wp-content/uploads/2018/08/223-350x350.png"
"Octillery","£94.00","https://scrapeme.live/wp-content/uploads/2018/08/224-350x350.png"
"Delibird","£121.00","https://scrapeme.live/wp-content/uploads/2018/08/225-350x350.png"
"Mantine","£114.00","https://scrapeme.live/wp-content/uploads/2018/08/226-350x350.png"
"Skarmory","£199.00","https://scrapeme.live/wp-content/uploads/2018/08/227-350x350.png"
"Houndour","£144.00","https://scrapeme.live/wp-content/uploads/2018/08/228-350x350.png"
"Houndoom","£78.00","https://scrapeme.live/wp-content/uploads/2018/08/229-350x350.png"
"Kingdra","£124.00","https://scrapeme.live/wp-content/uploads/2018/08/230-350x350.png"
"Phanpy","£129.00","https://scrapeme.live/wp-content/uploads/2018/08/231-350x350.png"
"Donphan","£89.00","https://scrapeme.live/wp-content/uploads/2018/08/232-350x350.png"
"Porygon2","£151.00","https://scrapeme.live/wp-content/uploads/2018/08/233-350x350.png"
"Stantler","£33.00","https://scrapeme.live/wp-content/uploads/2018/08/234-350x350.png"
"Smeargle","£151.00","https://scrapeme.live/wp-content/uploads/2018/08/235-350x350.png"
"Tyrogue","£145.00","https://scrapeme.live/wp-content/uploads/2018/08/236-350x350.png"
"Hitmontop","£149.00","https://scrapeme.live/wp-content/uploads/2018/08/237-350x350.png"
"Smoochum","£166.00","https://scrapeme.live/wp-content/uploads/2018/08/238-350x350.png"
"Elekid","£104.00","https://scrapeme.live/wp-content/uploads/2018/08/239-350x350.png"
"Magby","£40.00","https://scrapeme.live/wp-content/uploads/2018/08/240-350x350.png"
"Miltank","£26.00","https://scrapeme.live/wp-content/uploads/2018/08/241-350x350.png"
"Blissey","£31.00","https://scrapeme.live/wp-content/uploads/2018/08/242-350x350.png"
"Raikou","£66.00","https://scrapeme.live/wp-content/uploads/2018/08/243-350x350.png"
"Entei","£27.00","https://scrapeme.live/wp-content/uploads/2018/08/244-350x350.png"
"Suicune","£68.00","https://scrapeme.live/wp-content/uploads/2018/08/245-350x350.png"
"Larvitar","£26.00","https://scrapeme.live/wp-content/uploads/2018/08/246-350x350.png"
"Pupitar","£114.00","https://scrapeme.live/wp-content/uploads/2018/08/247-350x350.png"
"Tyranitar","£190.00","https://scrapeme.live/wp-content/uploads/2018/08/248-350x350.png"
"Lugia","£86.00","https://scrapeme.live/wp-content/uploads/2018/08/249-350x350.png"
"Ho-oh","£91.00","https://scrapeme.live/wp-content/uploads/2018/08/250-350x350.png"
"Celebi","£111.00","https://scrapeme.live/wp-content/uploads/2018/08/251-350x350.png"
"Treecko","£96.00","https://scrapeme.live/wp-content/uploads/2018/08/252-350x350.png"
"Grovyle","£190.00","https://scrapeme.live/wp-content/uploads/2018/08/253-350x350.png"
"Sceptile","£37.00","https://scrapeme.live/wp-content/uploads/2018/08/254-350x350.png"
"Torchic","£28.00","https://scrapeme.live/wp-content/uploads/2018/08/255-350x350.png"
"Combusken","£68.00","https://scrapeme.live/wp-content/uploads/2018/08/256-350x350.png"
"Blaziken","£40.00","https://scrapeme.live/wp-content/uploads/2018/08/257-350x350.png"
"Mudkip","£140.00","https://scrapeme.live/wp-content/uploads/2018/08/258-350x350.png"
"Marshtomp","£152.00","https://scrapeme.live/wp-content/uploads/2018/08/259-350x350.png"
"Swampert","£144.00","https://scrapeme.live/wp-content/uploads/2018/08/260-350x350.png"
"Poochyena","£130.00","https://scrapeme.live/wp-content/uploads/2018/08/261-350x350.png"
"Mightyena","£175.00","https://scrapeme.live/wp-content/uploads/2018/08/262-350x350.png"
"Zigzagoon","£83.00","https://scrapeme.live/wp-content/uploads/2018/08/263-350x350.png"
"Linoone","£81.00","https://scrapeme.live/wp-content/uploads/2018/08/264-350x350.png"
"Wurmple","£195.00","https://scrapeme.live/wp-content/uploads/2018/08/265-350x350.png"
"Silcoon","£80.00","https://scrapeme.live/wp-content/uploads/2018/08/266-350x350.png"
"Beautifly","£145.00","https://scrapeme.live/wp-content/uploads/2018/08/267-350x350.png"
"Cascoon","£166.00","https://scrapeme.live/wp-content/uploads/2018/08/268-350x350.png"
"Dustox","£91.00","https://scrapeme.live/wp-content/uploads/2018/08/269-350x350.png"
"Lotad","£161.00","https://scrapeme.live/wp-content/uploads/2018/08/270-350x350.png"
"Lombre","£79.00","https://scrapeme.live/wp-content/uploads/2018/08/271-350x350.png"
"Ludicolo","£189.00","https://scrapeme.live/wp-content/uploads/2018/08/272-350x350.png"
"Seedot","£26.00","https://scrapeme.live/wp-content/uploads/2018/08/273-350x350.png"
"Nuzleaf","£26.00","https://scrapeme.live/wp-content/uploads/2018/08/274-350x350.png"
"Shiftry","£157.00","https://scrapeme.live/wp-content/uploads/2018/08/275-350x350.png"
"Taillow","£85.00","https://scrapeme.live/wp-content/uploads/2018/08/276-350x350.png"
"Swellow","£88.00","https://scrapeme.live/wp-content/uploads/2018/08/277-350x350.png"
"Wingull","£153.00","https://scrapeme.live/wp-content/uploads/2018/08/278-350x350.png"
"Pelipper","£158.00","https://scrapeme.live/wp-content/uploads/2018/08/279-350x350.png"
"Ralts","£151.00","https://scrapeme.live/wp-content/uploads/2018/08/280-350x350.png"
"Kirlia","£186.00","https://scrapeme.live/wp-content/uploads/2018/08/281-350x350.png"
"Gardevoir","£34.00","https://scrapeme.live/wp-content/uploads/2018/08/282-350x350.png"
"Surskit","£112.00","https://scrapeme.live/wp-content/uploads/2018/08/283-350x350.png"
"Masquerain","£39.00","https://scrapeme.live/wp-content/uploads/2018/08/284-350x350.png"
"Shroomish","£31.00","https://scrapeme.live/wp-content/uploads/2018/08/285-350x350.png"
"Breloom","£113.00","https://scrapeme.live/wp-content/uploads/2018/08/286-350x350.png"
"Slakoth","£69.00","https://scrapeme.live/wp-content/uploads/2018/08/287-350x350.png"
"Vigoroth","£25.00","https://scrapeme.live/wp-content/uploads/2018/08/288-350x350.png"
"Slaking","£119.00","https://scrapeme.live/wp-content/uploads/2018/08/289-350x350.png"
"Nincada","£38.00","https://scrapeme.live/wp-content/uploads/2018/08/290-350x350.png"
"Ninjask","£161.00","https://scrapeme.live/wp-content/uploads/2018/08/291-350x350.png"
"Shedinja","£128.00","https://scrapeme.live/wp-content/uploads/2018/08/292-350x350.png"
"Whismur","£137.00","https://scrapeme.live/wp-content/uploads/2018/08/293-350x350.png"
"Loudred","£145.00","https://scrapeme.live/wp-content/uploads/2018/08/294-350x350.png"
"Exploud","£161.00","https://scrapeme.live/wp-content/uploads/2018/08/295-350x350.png"
"Makuhita","£30.00","https://scrapeme.live/wp-content/uploads/2018/08/296-350x350.png"
"Hariyama","£176.00","https://scrapeme.live/wp-content/uploads/2018/08/297-350x350.png"
"Azurill","£70.00","https://scrapeme.live/wp-content/uploads/2018/08/298-350x350.png"
"Nosepass","£41.00","https://scrapeme.live/wp-content/uploads/2018/08/299-350x350.png"
"Skitty","£156.00","https://scrapeme.live/wp-content/uploads/2018/08/300-350x350.png"
"Delcatty","£170.00","https://scrapeme.live/wp-content/uploads/2018/08/301-350x350.png"
"Sableye","£81.00","https://scrapeme.live/wp-content/uploads/2018/08/302-350x350.png"
"Mawile","£119.00","https://scrapeme.live/wp-content/uploads/2018/08/303-350x350.png"
"Aron","£149.00","https://scrapeme.live/wp-content/uploads/2018/08/304-350x350.png"
"Lairon","£70.00","https://scrapeme.live/wp-content/uploads/2018/08/305-350x350.png"
"Aggron","£140.00","https://scrapeme.live/wp-content/uploads/2018/08/306-350x350.png"
"Meditite","£97.00","https://scrapeme.live/wp-content/uploads/2018/08/307-350x350.png"
"Medicham","£77.00","https://scrapeme.live/wp-content/uploads/2018/08/308-350x350.png"
"Electrike","£145.00","https://scrapeme.live/wp-content/uploads/2018/08/309-350x350.png"
"Manectric","£76.00","https://scrapeme.live/wp-content/uploads/2018/08/310-350x350.png"
"Plusle","£56.00","https://scrapeme.live/wp-content/uploads/2018/08/311-350x350.png"
"Minun","£193.00","https://scrapeme.live/wp-content/uploads/2018/08/312-350x350.png"
"Volbeat","£123.00","https://scrapeme.live/wp-content/uploads/2018/08/313-350x350.png"
"Illumise","£167.00","https://scrapeme.live/wp-content/uploads/2018/08/314-350x350.png"
"Roselia","£90.00","https://scrapeme.live/wp-content/uploads/2018/08/315-350x350.png"
"Gulpin","£136.00","https://scrapeme.live/wp-content/uploads/2018/08/316-350x350.png"
"Swalot","£130.00","https://scrapeme.live/wp-content/uploads/2018/08/317-350x350.png"
"Carvanha","£25.00","https://scrapeme.live/wp-content/uploads/2018/08/318-350x350.png"
"Sharpedo","£129.00","https://scrapeme.live/wp-content/uploads/2018/08/319-350x350.png"
"Wailmer","£90.00","https://scrapeme.live/wp-content/uploads/2018/08/320-350x350.png"
"Wailord","£150.00","https://scrapeme.live/wp-content/uploads/2018/08/321-350x350.png"
"Numel","£170.00","https://scrapeme.live/wp-content/uploads/2018/08/322-350x350.png"
"Camerupt","£124.00","https://scrapeme.live/wp-content/uploads/2018/08/323-350x350.png"
"Torkoal","£98.00","https://scrapeme.live/wp-content/uploads/2018/08/324-350x350.png"
"Spoink","£163.00","https://scrapeme.live/wp-content/uploads/2018/08/325-350x350.png"
"Grumpig","£182.00","https://scrapeme.live/wp-content/uploads/2018/08/326-350x350.png"
"Spinda","£149.00","https://scrapeme.live/wp-content/uploads/2018/08/327-350x350.png"
"Trapinch","£116.00","https://scrapeme.live/wp-content/uploads/2018/08/328-350x350.png"
"Vibrava","£200.00","https://scrapeme.live/wp-content/uploads/2018/08/329-350x350.png"
"Flygon","£174.00","https://scrapeme.live/wp-content/uploads/2018/08/330-350x350.png"
"Cacnea","£105.00","https://scrapeme.live/wp-content/uploads/2018/08/331-350x350.png"
"Cacturne","£31.00","https://scrapeme.live/wp-content/uploads/2018/08/332-350x350.png"
"Swablu","£121.00","https://scrapeme.live/wp-content/uploads/2018/08/333-350x350.png"
"Altaria","£104.00","https://scrapeme.live/wp-content/uploads/2018/08/334-350x350.png"
"Seviper","£107.00","https://scrapeme.live/wp-content/uploads/2018/08/336-350x350.png"
"Lunatone","£177.00","https://scrapeme.live/wp-content/uploads/2018/08/337-350x350.png"
"Solrock","£57.00","https://scrapeme.live/wp-content/uploads/2018/08/338-350x350.png"
"Whiscash","£179.00","https://scrapeme.live/wp-content/uploads/2018/08/340-350x350.png"
"Corphish","£178.00","https://scrapeme.live/wp-content/uploads/2018/08/341-350x350.png"
"Crawdaunt","£173.00","https://scrapeme.live/wp-content/uploads/2018/08/342-350x350.png"
"Baltoy","£167.00","https://scrapeme.live/wp-content/uploads/2018/08/343-350x350.png"
"Claydol","£197.00","https://scrapeme.live/wp-content/uploads/2018/08/344-350x350.png"
"Lileep","£87.00","https://scrapeme.live/wp-content/uploads/2018/08/345-350x350.png"
"Cradily","£154.00","https://scrapeme.live/wp-content/uploads/2018/08/346-350x350.png"
"Anorith","£64.00","https://scrapeme.live/wp-content/uploads/2018/08/347-350x350.png"
"Armaldo","£42.00","https://scrapeme.live/wp-content/uploads/2018/08/348-350x350.png"
"Feebas","£194.00","https://scrapeme.live/wp-content/uploads/2018/08/349-350x350.png"
"Milotic","£152.00","https://scrapeme.live/wp-content/uploads/2018/08/350-350x350.png"
"Castform","£119.00","https://scrapeme.live/wp-content/uploads/2018/08/351-350x350.png"
"Kecleon","£100.00","https://scrapeme.live/wp-content/uploads/2018/08/352-350x350.png"
"Shuppet","£174.00","https://scrapeme.live/wp-content/uploads/2018/08/353-350x350.png"
"Banette","£104.00","https://scrapeme.live/wp-content/uploads/2018/08/354-350x350.png"
"Duskull","£139.00","https://scrapeme.live/wp-content/uploads/2018/08/355-350x350.png"
"Dusclops","£39.00","https://scrapeme.live/wp-content/uploads/2018/08/356-350x350.png"
"Tropius","£196.00","https://scrapeme.live/wp-content/uploads/2018/08/357-350x350.png"
"Chimecho","£51.00","https://scrapeme.live/wp-content/uploads/2018/08/358-350x350.png"
"Absol","£134.00","https://scrapeme.live/wp-content/uploads/2018/08/359-350x350.png"
"Wynaut","£168.00","https://scrapeme.live/wp-content/uploads/2018/08/360-350x350.png"
"Snorunt","£82.00","https://scrapeme.live/wp-content/uploads/2018/08/361-350x350.png"
"Glalie","£178.00","https://scrapeme.live/wp-content/uploads/2018/08/362-350x350.png"
"Spheal","£193.00","https://scrapeme.live/wp-content/uploads/2018/08/363-350x350.png"
"Sealeo","£160.00","https://scrapeme.live/wp-content/uploads/2018/08/364-350x350.png"
"Walrein","£27.00","https://scrapeme.live/wp-content/uploads/2018/08/365-350x350.png"
"Clamperl","£48.00","https://scrapeme.live/wp-content/uploads/2018/08/366-350x350.png"
"Huntail","£52.00","https://scrapeme.live/wp-content/uploads/2018/08/367-350x350.png"
"Gorebyss","£150.00","https://scrapeme.live/wp-content/uploads/2018/08/368-350x350.png"
"Relicanth","£157.00","https://scrapeme.live/wp-content/uploads/2018/08/369-350x350.png"
"Luvdisc","£44.00","https://scrapeme.live/wp-content/uploads/2018/08/370-350x350.png"
"Bagon","£34.00","https://scrapeme.live/wp-content/uploads/2018/08/371-350x350.png"
"Shelgon","£56.00","https://scrapeme.live/wp-content/uploads/2018/08/372-350x350.png"
"Salamence","£62.00","https://scrapeme.live/wp-content/uploads/2018/08/373-350x350.png"
"Beldum","£122.00","https://scrapeme.live/wp-content/uploads/2018/08/374-350x350.png"
"Metang","£78.00","https://scrapeme.live/wp-content/uploads/2018/08/375-350x350.png"
"Metagross","£170.00","https://scrapeme.live/wp-content/uploads/2018/08/376-350x350.png"
"Regirock","£66.00","https://scrapeme.live/wp-content/uploads/2018/08/377-350x350.png"
"Regice","£165.00","https://scrapeme.live/wp-content/uploads/2018/08/378-350x350.png"
"Registeel","£196.00","https://scrapeme.live/wp-content/uploads/2018/08/379-350x350.png"
"Latias","£126.00","https://scrapeme.live/wp-content/uploads/2018/08/380-350x350.png"
"Latios","£166.00","https://scrapeme.live/wp-content/uploads/2018/08/381-350x350.png"
"Kyogre","£27.00","https://scrapeme.live/wp-content/uploads/2018/08/382-350x350.png"
"Groudon","£124.00","https://scrapeme.live/wp-content/uploads/2018/08/383-350x350.png"
"Rayquaza","£97.00","https://scrapeme.live/wp-content/uploads/2018/08/384-350x350.png"
"Jirachi","£111.00","https://scrapeme.live/wp-content/uploads/2018/08/385-350x350.png"
"Turtwig","£101.00","https://scrapeme.live/wp-content/uploads/2018/08/387-350x350.png"
"Grotle","£154.00","https://scrapeme.live/wp-content/uploads/2018/08/388-350x350.png"
"Torterra","£87.00","https://scrapeme.live/wp-content/uploads/2018/08/389-350x350.png"
"Chimchar","£143.00","https://scrapeme.live/wp-content/uploads/2018/08/390-350x350.png"
"Monferno","£68.00","https://scrapeme.live/wp-content/uploads/2018/08/391-350x350.png"
"Infernape","£165.00","https://scrapeme.live/wp-content/uploads/2018/08/392-350x350.png"
"Prinplup","£177.00","https://scrapeme.live/wp-content/uploads/2018/08/394-350x350.png"
"Empoleon","£42.00","https://scrapeme.live/wp-content/uploads/2018/08/395-350x350.png"
"Starly","£59.00","https://scrapeme.live/wp-content/uploads/2018/08/396-350x350.png"
"Staravia","£158.00","https://scrapeme.live/wp-content/uploads/2018/08/397-350x350.png"
"Staraptor","£42.00","https://scrapeme.live/wp-content/uploads/2018/08/398-350x350.png"
"Bidoof","£128.00","https://scrapeme.live/wp-content/uploads/2018/08/399-350x350.png"
"Bibarel","£114.00","https://scrapeme.live/wp-content/uploads/2018/08/400-350x350.png"
"Kricketot","£94.00","https://scrapeme.live/wp-content/uploads/2018/08/401-350x350.png"
"Kricketune","£53.00","https://scrapeme.live/wp-content/uploads/2018/08/402-350x350.png"
"Shinx","£149.00","https://scrapeme.live/wp-content/uploads/2018/08/403-350x350.png"
"Luxio","£168.00","https://scrapeme.live/wp-content/uploads/2018/08/404-350x350.png"
"Luxray","£43.00","https://scrapeme.live/wp-content/uploads/2018/08/405-350x350.png"
"Budew","£171.00","https://scrapeme.live/wp-content/uploads/2018/08/406-350x350.png"
"Roserade","£155.00","https://scrapeme.live/wp-content/uploads/2018/08/407-350x350.png"
"Cranidos","£47.00","https://scrapeme.live/wp-content/uploads/2018/08/408-350x350.png"
"Rampardos","£196.00","https://scrapeme.live/wp-content/uploads/2018/08/409-350x350.png"
"Shieldon","£42.00","https://scrapeme.live/wp-content/uploads/2018/08/410-350x350.png"
"Bastiodon","£191.00","https://scrapeme.live/wp-content/uploads/2018/08/411-350x350.png"
"Burmy","£91.00","https://scrapeme.live/wp-content/uploads/2018/08/412-350x350.png"
"Mothim","£177.00","https://scrapeme.live/wp-content/uploads/2018/08/414-350x350.png"
"Combee","£111.00","https://scrapeme.live/wp-content/uploads/2018/08/415-350x350.png"
"Vespiquen","£104.00","https://scrapeme.live/wp-content/uploads/2018/08/416-350x350.png"
"Pachirisu","£151.00","https://scrapeme.live/wp-content/uploads/2018/08/417-350x350.png"
"Buizel","£55.00","https://scrapeme.live/wp-content/uploads/2018/08/418-350x350.png"
"Floatzel","£40.00","https://scrapeme.live/wp-content/uploads/2018/08/419-350x350.png"
"Cherubi","£101.00","https://scrapeme.live/wp-content/uploads/2018/08/420-350x350.png"
"Cherrim","£161.00","https://scrapeme.live/wp-content/uploads/2018/08/421-350x350.png"
"Shellos","£163.00","https://scrapeme.live/wp-content/uploads/2018/08/422-350x350.png"
"Gastrodon","£148.00","https://scrapeme.live/wp-content/uploads/2018/08/423-350x350.png"
"Ambipom","£36.00","https://scrapeme.live/wp-content/uploads/2018/08/424-350x350.png"
"Drifloon","£70.00","https://scrapeme.live/wp-content/uploads/2018/08/425-350x350.png"
"Drifblim","£36.00","https://scrapeme.live/wp-content/uploads/2018/08/426-350x350.png"
"Buneary","£180.00","https://scrapeme.live/wp-content/uploads/2018/08/427-350x350.png"
"Lopunny","£123.00","https://scrapeme.live/wp-content/uploads/2018/08/428-350x350.png"
"Mismagius","£38.00","https://scrapeme.live/wp-content/uploads/2018/08/429-350x350.png"
"Honchkrow","£47.00","https://scrapeme.live/wp-content/uploads/2018/08/430-350x350.png"
"Glameow","£39.00","https://scrapeme.live/wp-content/uploads/2018/08/431-350x350.png"
"Purugly","£128.00","https://scrapeme.live/wp-content/uploads/2018/08/432-350x350.png"
"Stunky","£106.00","https://scrapeme.live/wp-content/uploads/2018/08/434-350x350.png"
"Skuntank","£112.00","https://scrapeme.live/wp-content/uploads/2018/08/435-350x350.png"
"Bronzong","£110.00","https://scrapeme.live/wp-content/uploads/2018/08/437-350x350.png"
"Bonsly","£106.00","https://scrapeme.live/wp-content/uploads/2018/08/438-350x350.png"
"Mime-jr","£170.00","https://scrapeme.live/wp-content/uploads/2018/08/439-350x350.png"
"Happiny","£67.00","https://scrapeme.live/wp-content/uploads/2018/08/440-350x350.png"
"Chatot","£78.00","https://scrapeme.live/wp-content/uploads/2018/08/441-350x350.png"
"Spiritomb","£165.00","https://scrapeme.live/wp-content/uploads/2018/08/442-350x350.png"
"Gible","£194.00","https://scrapeme.live/wp-content/uploads/2018/08/443-350x350.png"
"Gabite","£154.00","https://scrapeme.live/wp-content/uploads/2018/08/444-350x350.png"
"Garchomp","£62.00","https://scrapeme.live/wp-content/uploads/2018/08/445-350x350.png"
"Munchlax","£190.00","https://scrapeme.live/wp-content/uploads/2018/08/446-350x350.png"
"Riolu","£70.00","https://scrapeme.live/wp-content/uploads/2018/08/447-350x350.png"
"Lucario","£102.00","https://scrapeme.live/wp-content/uploads/2018/08/448-350x350.png"
"Hippopotas","£189.00","https://scrapeme.live/wp-content/uploads/2018/08/449-350x350.png"
"Hippowdon","£140.00","https://scrapeme.live/wp-content/uploads/2018/08/450-350x350.png"
"Skorupi","£51.00","https://scrapeme.live/wp-content/uploads/2018/08/451-350x350.png"
"Drapion","£72.00","https://scrapeme.live/wp-content/uploads/2018/08/452-350x350.png"
"Croagunk","£145.00","https://scrapeme.live/wp-content/uploads/2018/08/453-350x350.png"
"Toxicroak","£145.00","https://scrapeme.live/wp-content/uploads/2018/08/454-350x350.png"
"Carnivine","£60.00","https://scrapeme.live/wp-content/uploads/2018/08/455-350x350.png"
"Finneon","£172.00","https://scrapeme.live/wp-content/uploads/2018/08/456-350x350.png"
"Lumineon","£72.00","https://scrapeme.live/wp-content/uploads/2018/08/457-350x350.png"
"Mantyke","£121.00","https://scrapeme.live/wp-content/uploads/2018/08/458-350x350.png"
"Snover","£104.00","https://scrapeme.live/wp-content/uploads/2018/08/459-350x350.png"
"Abomasnow","£46.00","https://scrapeme.live/wp-content/uploads/2018/08/460-350x350.png"
"Magnezone","£190.00","https://scrapeme.live/wp-content/uploads/2018/08/462-350x350.png"
"Lickilicky","£101.00","https://scrapeme.live/wp-content/uploads/2018/08/463-350x350.png"
"Rhyperior","£79.00","https://scrapeme.live/wp-content/uploads/2018/08/464-350x350.png"
"Tangrowth","£108.00","https://scrapeme.live/wp-content/uploads/2018/08/465-350x350.png"
"Electivire","£61.00","https://scrapeme.live/wp-content/uploads/2018/08/466-350x350.png"
"Magmortar","£200.00","https://scrapeme.live/wp-content/uploads/2018/08/467-350x350.png"
"Togekiss","£158.00","https://scrapeme.live/wp-content/uploads/2018/08/468-350x350.png"
"Yanmega","£121.00","https://scrapeme.live/wp-content/uploads/2018/08/469-350x350.png"
"Leafeon","£93.00","https://scrapeme.live/wp-content/uploads/2018/08/470-350x350.png"
"Glaceon","£142.00","https://scrapeme.live/wp-content/uploads/2018/08/471-350x350.png"
"Gliscor","£28.00","https://scrapeme.live/wp-content/uploads/2018/08/472-350x350.png"
"Mamoswine","£104.00","https://scrapeme.live/wp-content/uploads/2018/08/473-350x350.png"
"Gallade","£149.00","https://scrapeme.live/wp-content/uploads/2018/08/475-350x350.png"
"Probopass","£181.00","https://scrapeme.live/wp-content/uploads/2018/08/476-350x350.png"
"Dusknoir","£158.00","https://scrapeme.live/wp-content/uploads/2018/08/477-350x350.png"
"Froslass","£86.00","https://scrapeme.live/wp-content/uploads/2018/08/478-350x350.png"
"Rotom","£42.00","https://scrapeme.live/wp-content/uploads/2018/08/479-350x350.png"
"Uxie","£200.00","https://scrapeme.live/wp-content/uploads/2018/08/480-350x350.png"
"Mesprit","£25.00","https://scrapeme.live/wp-content/uploads/2018/08/481-350x350.png"
"Azelf","£32.00","https://scrapeme.live/wp-content/uploads/2018/08/482-350x350.png"
"Dialga","£179.00","https://scrapeme.live/wp-content/uploads/2018/08/483-350x350.png"
"Palkia","£151.00","https://scrapeme.live/wp-content/uploads/2018/08/484-350x350.png"
"Heatran","£142.00","https://scrapeme.live/wp-content/uploads/2018/08/485-350x350.png"
"Regigigas","£77.00","https://scrapeme.live/wp-content/uploads/2018/08/486-350x350.png"
"Cresselia","£34.00","https://scrapeme.live/wp-content/uploads/2018/08/488-350x350.png"
"Phione","£155.00","https://scrapeme.live/wp-content/uploads/2018/08/489-350x350.png"
"Manaphy","£74.00","https://scrapeme.live/wp-content/uploads/2018/08/490-350x350.png"
"Darkrai","£59.00","https://scrapeme.live/wp-content/uploads/2018/08/491-350x350.png"
"Arceus","£53.00","https://scrapeme.live/wp-content/uploads/2018/08/493-350x350.png"
"Victini","£109.00","https://scrapeme.live/wp-content/uploads/2018/08/494-350x350.png"
"Snivy","£102.00","https://scrapeme.live/wp-content/uploads/2018/08/495-350x350.png"
"Servine","£154.00","https://scrapeme.live/wp-content/uploads/2018/08/496-350x350.png"
"Serperior","£88.00","https://scrapeme.live/wp-content/uploads/2018/08/497-350x350.png"
"Tepig","£195.00","https://scrapeme.live/wp-content/uploads/2018/08/498-350x350.png"
"Pignite","£149.00","https://scrapeme.live/wp-content/uploads/2018/08/499-350x350.png"
"Emboar","£32.00","https://scrapeme.live/wp-content/uploads/2018/08/500-350x350.png"
"Oshawott","£194.00","https://scrapeme.live/wp-content/uploads/2018/08/501-350x350.png"
"Dewott","£57.00","https://scrapeme.live/wp-content/uploads/2018/08/502-350x350.png"
"Samurott","£106.00","https://scrapeme.live/wp-content/uploads/2018/08/503-350x350.png"
"Patrat","£116.00","https://scrapeme.live/wp-content/uploads/2018/08/504-350x350.png"
"Watchog","£141.00","https://scrapeme.live/wp-content/uploads/2018/08/505-350x350.png"
"Lillipup","£28.00","https://scrapeme.live/wp-content/uploads/2018/08/506-350x350.png"
"Herdier","£164.00","https://scrapeme.live/wp-content/uploads/2018/08/507-350x350.png"
"Stoutland","£37.00","https://scrapeme.live/wp-content/uploads/2018/08/508-350x350.png"
"Purrloin","£167.00","https://scrapeme.live/wp-content/uploads/2018/08/509-350x350.png"
"Liepard","£104.00","https://scrapeme.live/wp-content/uploads/2018/08/510-350x350.png"
"Pansage","£197.00","https://scrapeme.live/wp-content/uploads/2018/08/511-350x350.png"
"Simisage","£98.00","https://scrapeme.live/wp-content/uploads/2018/08/512-350x350.png"
"Pansear","£194.00","https://scrapeme.live/wp-content/uploads/2018/08/513-350x350.png"
"Simisear","£38.00","https://scrapeme.live/wp-content/uploads/2018/08/514-350x350.png"
"Panpour","£52.00","https://scrapeme.live/wp-content/uploads/2018/08/515-350x350.png"
"Simipour","£61.00","https://scrapeme.live/wp-content/uploads/2018/08/516-350x350.png"
"Munna","£172.00","https://scrapeme.live/wp-content/uploads/2018/08/517-350x350.png"
"Musharna","£58.00","https://scrapeme.live/wp-content/uploads/2018/08/518-350x350.png"
"Pidove","£172.00","https://scrapeme.live/wp-content/uploads/2018/08/519-350x350.png"
"Tranquill","£199.00","https://scrapeme.live/wp-content/uploads/2018/08/520-350x350.png"
"Unfezant","£135.00","https://scrapeme.live/wp-content/uploads/2018/08/521-350x350.png"
"Zebstrika","£138.00","https://scrapeme.live/wp-content/uploads/2018/08/523-350x350.png"
"Roggenrola","£41.00","https://scrapeme.live/wp-content/uploads/2018/08/524-350x350.png"
"Boldore","£76.00","https://scrapeme.live/wp-content/uploads/2018/08/525-350x350.png"
"Gigalith","£67.00","https://scrapeme.live/wp-content/uploads/2018/08/526-350x350.png"
"Woobat","£27.00","https://scrapeme.live/wp-content/uploads/2018/08/527-350x350.png"
"Swoobat","£49.00","https://scrapeme.live/wp-content/uploads/2018/08/528-350x350.png"
"Drilbur","£132.00","https://scrapeme.live/wp-content/uploads/2018/08/529-350x350.png"
"Excadrill","£36.00","https://scrapeme.live/wp-content/uploads/2018/08/530-350x350.png"
"Audino","£95.00","https://scrapeme.live/wp-content/uploads/2018/08/531-350x350.png"
"Timburr","£194.00","https://scrapeme.live/wp-content/uploads/2018/08/532-350x350.png"
"Gurdurr","£179.00","https://scrapeme.live/wp-content/uploads/2018/08/533-350x350.png"
"Conkeldurr","£72.00","https://scrapeme.live/wp-content/uploads/2018/08/534-350x350.png"
"Palpitoad","£117.00","https://scrapeme.live/wp-content/uploads/2018/08/536-350x350.png"
"Seismitoad","£90.00","https://scrapeme.live/wp-content/uploads/2018/08/537-350x350.png"
"Throh","£43.00","https://scrapeme.live/wp-content/uploads/2018/08/538-350x350.png"
"Sawk","£129.00","https://scrapeme.live/wp-content/uploads/2018/08/539-350x350.png"
"Sewaddle","£40.00","https://scrapeme.live/wp-content/uploads/2018/08/540-350x350.png"
"Swadloon","£107.00","https://scrapeme.live/wp-content/uploads/2018/08/541-350x350.png"
"Leavanny","£130.00","https://scrapeme.live/wp-content/uploads/2018/08/542-350x350.png"
"Venipede","£87.00","https://scrapeme.live/wp-content/uploads/2018/08/543-350x350.png"
"Whirlipede","£84.00","https://scrapeme.live/wp-content/uploads/2018/08/544-350x350.png"
"Scolipede","£153.00","https://scrapeme.live/wp-content/uploads/2018/08/545-350x350.png"
"Cottonee","£77.00","https://scrapeme.live/wp-content/uploads/2018/08/546-350x350.png"
"Whimsicott","£26.00","https://scrapeme.live/wp-content/uploads/2018/08/547-350x350.png"
"Petilil","£118.00","https://scrapeme.live/wp-content/uploads/2018/08/548-350x350.png"
"Lilligant","£137.00","https://scrapeme.live/wp-content/uploads/2018/08/549-350x350.png"
"Sandile","£136.00","https://scrapeme.live/wp-content/uploads/2018/08/551-350x350.png"
"Krokorok","£135.00","https://scrapeme.live/wp-content/uploads/2018/08/552-350x350.png"
"Krookodile","£185.00","https://scrapeme.live/wp-content/uploads/2018/08/553-350x350.png"
"Darumaka","£106.00","https://scrapeme.live/wp-content/uploads/2018/08/554-350x350.png"
"Maractus","£31.00","https://scrapeme.live/wp-content/uploads/2018/08/556-350x350.png"
"Dwebble","£75.00","https://scrapeme.live/wp-content/uploads/2018/08/557-350x350.png"
"Crustle","£105.00","https://scrapeme.live/wp-content/uploads/2018/08/558-350x350.png"
"Scraggy","£112.00","https://scrapeme.live/wp-content/uploads/2018/08/559-350x350.png"
"Scrafty","£137.00","https://scrapeme.live/wp-content/uploads/2018/08/560-350x350.png"
"Sigilyph","£68.00","https://scrapeme.live/wp-content/uploads/2018/08/561-350x350.png"
"Yamask","£171.00","https://scrapeme.live/wp-content/uploads/2018/08/562-350x350.png"
"Cofagrigus","£160.00","https://scrapeme.live/wp-content/uploads/2018/08/563-350x350.png"
"Tirtouga","£60.00","https://scrapeme.live/wp-content/uploads/2018/08/564-350x350.png"
"Carracosta","£158.00","https://scrapeme.live/wp-content/uploads/2018/08/565-350x350.png"
"Archen","£140.00","https://scrapeme.live/wp-content/uploads/2018/08/566-350x350.png"
"Archeops","£126.00","https://scrapeme.live/wp-content/uploads/2018/08/567-350x350.png"
"Trubbish","£169.00","https://scrapeme.live/wp-content/uploads/2018/08/568-350x350.png"
"Garbodor","£178.00","https://scrapeme.live/wp-content/uploads/2018/08/569-350x350.png"
"Zorua","£81.00","https://scrapeme.live/wp-content/uploads/2018/08/570-350x350.png"
"Minccino","£79.00","https://scrapeme.live/wp-content/uploads/2018/08/572-350x350.png"
"Cinccino","£154.00","https://scrapeme.live/wp-content/uploads/2018/08/573-350x350.png"
"Gothita","£68.00","https://scrapeme.live/wp-content/uploads/2018/08/574-350x350.png"
"Gothorita","£189.00","https://scrapeme.live/wp-content/uploads/2018/08/575-350x350.png"
"Gothitelle","£164.00","https://scrapeme.live/wp-content/uploads/2018/08/576-350x350.png"
"Solosis","£134.00","https://scrapeme.live/wp-content/uploads/2018/08/577-350x350.png"
"Duosion","£71.00","https://scrapeme.live/wp-content/uploads/2018/08/578-350x350.png"
"Reuniclus","£168.00","https://scrapeme.live/wp-content/uploads/2018/08/579-350x350.png"
"Ducklett","£159.00","https://scrapeme.live/wp-content/uploads/2018/08/580-350x350.png"
"Swanna","£36.00","https://scrapeme.live/wp-content/uploads/2018/08/581-350x350.png"
"Vanillite","£108.00","https://scrapeme.live/wp-content/uploads/2018/08/582-350x350.png"
"Vanillish","£93.00","https://scrapeme.live/wp-content/uploads/2018/08/583-350x350.png"
"Vanilluxe","£89.00","https://scrapeme.live/wp-content/uploads/2018/08/584-350x350.png"
"Deerling","£141.00","https://scrapeme.live/wp-content/uploads/2018/08/585-350x350.png"
"Sawsbuck","£76.00","https://scrapeme.live/wp-content/uploads/2018/08/586-350x350.png"
"Karrablast","£41.00","https://scrapeme.live/wp-content/uploads/2018/08/588-350x350.png"
"Escavalier","£189.00","https://scrapeme.live/wp-content/uploads/2018/08/589-350x350.png"
"Foongus","£129.00","https://scrapeme.live/wp-content/uploads/2018/08/590-350x350.png"
"Frillish","£63.00","https://scrapeme.live/wp-content/uploads/2018/08/592-350x350.png"
"Jellicent","£114.00","https://scrapeme.live/wp-content/uploads/2018/08/593-350x350.png"
"Alomomola","£35.00","https://scrapeme.live/wp-content/uploads/2018/08/594-350x350.png"
"Joltik","£59.00","https://scrapeme.live/wp-content/uploads/2018/08/595-350x350.png"
"Galvantula","£57.00","https://scrapeme.live/wp-content/uploads/2018/08/596-350x350.png"
"Ferroseed","£81.00","https://scrapeme.live/wp-content/uploads/2018/08/597-350x350.png"
"Ferrothorn","£182.00","https://scrapeme.live/wp-content/uploads/2018/08/598-350x350.png"
"Klink","£75.00","https://scrapeme.live/wp-content/uploads/2018/08/599-350x350.png"
"Klang","£162.00","https://scrapeme.live/wp-content/uploads/2018/08/600-350x350.png"
"Klinklang","£178.00","https://scrapeme.live/wp-content/uploads/2018/08/601-350x350.png"
"Tynamo","£82.00","https://scrapeme.live/wp-content/uploads/2018/08/602-350x350.png"
"Eelektrik","£198.00","https://scrapeme.live/wp-content/uploads/2018/08/603-350x350.png"
"Eelektross","£123.00","https://scrapeme.live/wp-content/uploads/2018/08/604-350x350.png"
"Elgyem","£107.00","https://scrapeme.live/wp-content/uploads/2018/08/605-350x350.png"
"Beheeyem","£34.00","https://scrapeme.live/wp-content/uploads/2018/08/606-350x350.png"
"Litwick","£37.00","https://scrapeme.live/wp-content/uploads/2018/08/607-350x350.png"
"Lampent","£157.00","https://scrapeme.live/wp-content/uploads/2018/08/608-350x350.png"
"Axew","£123.00","https://scrapeme.live/wp-content/uploads/2018/08/610-350x350.png"
"Fraxure","£64.00","https://scrapeme.live/wp-content/uploads/2018/08/611-350x350.png"
"Haxorus","£135.00","https://scrapeme.live/wp-content/uploads/2018/08/612-350x350.png"
"Cubchoo","£62.00","https://scrapeme.live/wp-content/uploads/2018/08/613-350x350.png"
"Beartic","£28.00","https://scrapeme.live/wp-content/uploads/2018/08/614-350x350.png"
"Cryogonal","£72.00","https://scrapeme.live/wp-content/uploads/2018/08/615-350x350.png"
"Shelmet","£190.00","https://scrapeme.live/wp-content/uploads/2018/08/616-350x350.png"
"Accelgor","£129.00","https://scrapeme.live/wp-content/uploads/2018/08/617-350x350.png"
"Stunfisk","£67.00","https://scrapeme.live/wp-content/uploads/2018/08/618-350x350.png"
"Mienfoo","£197.00","https://scrapeme.live/wp-content/uploads/2018/08/619-350x350.png"
"Mienshao","£50.00","https://scrapeme.live/wp-content/uploads/2018/08/620-350x350.png"
"Druddigon","£110.00","https://scrapeme.live/wp-content/uploads/2018/08/621-350x350.png"
"Golett","£89.00","https://scrapeme.live/wp-content/uploads/2018/08/622-350x350.png"
"Golurk","£74.00","https://scrapeme.live/wp-content/uploads/2018/08/623-350x350.png"
"Pawniard","£37.00","https://scrapeme.live/wp-content/uploads/2018/08/624-350x350.png"
"Bisharp","£129.00","https://scrapeme.live/wp-content/uploads/2018/08/625-350x350.png"
"Bouffalant","£59.00","https://scrapeme.live/wp-content/uploads/2018/08/626-350x350.png"
"Rufflet","£60.00","https://scrapeme.live/wp-content/uploads/2018/08/627-350x350.png"
"Braviary","£83.00","https://scrapeme.live/wp-content/uploads/2018/08/628-350x350.png"
"Vullaby","£61.00","https://scrapeme.live/wp-content/uploads/2018/08/629-350x350.png"
"Mandibuzz","£89.00","https://scrapeme.live/wp-content/uploads/2018/08/630-350x350.png"
"Heatmor","£81.00","https://scrapeme.live/wp-content/uploads/2018/08/631-350x350.png"
"Durant","£28.00","https://scrapeme.live/wp-content/uploads/2018/08/632-350x350.png"
"Deino","£63.00","https://scrapeme.live/wp-content/uploads/2018/08/633-350x350.png"
"Zweilous","£199.00","https://scrapeme.live/wp-content/uploads/2018/08/634-350x350.png"
"Hydreigon","£86.00","https://scrapeme.live/wp-content/uploads/2018/08/635-350x350.png"
"Volcarona","£94.00","https://scrapeme.live/wp-content/uploads/2018/08/637-350x350.png"
"Cobalion","£111.00","https://scrapeme.live/wp-content/uploads/2018/08/638-350x350.png"
"Terrakion","£87.00","https://scrapeme.live/wp-content/uploads/2018/08/639-350x350.png"
"Virizion","£156.00","https://scrapeme.live/wp-content/uploads/2018/08/640-350x350.png"
"Reshiram","£147.00","https://scrapeme.live/wp-content/uploads/2018/08/643-350x350.png"
"Zekrom","£135.00","https://scrapeme.live/wp-content/uploads/2018/08/644-350x350.png"
"Genesect","£173.00","https://scrapeme.live/wp-content/uploads/2018/08/649-350x350.png"
"Chespin","£185.00","https://scrapeme.live/wp-content/uploads/2018/08/650-350x350.png"
"Quilladin","£161.00","https://scrapeme.live/wp-content/uploads/2018/08/651-350x350.png"
"Chesnaught","£96.00","https://scrapeme.live/wp-content/uploads/2018/08/652-350x350.png"
"Fennekin","£123.00","https://scrapeme.live/wp-content/uploads/2018/08/653-350x350.png"
"Braixen","£59.00","https://scrapeme.live/wp-content/uploads/2018/08/654-350x350.png"
"Delphox","£170.00","https://scrapeme.live/wp-content/uploads/2018/08/655-350x350.png"
"Froakie","£38.00","https://scrapeme.live/wp-content/uploads/2018/08/656-350x350.png"
"Frogadier","£125.00","https://scrapeme.live/wp-content/uploads/2018/08/657-350x350.png"
"Greninja","£42.00","https://scrapeme.live/wp-content/uploads/2018/08/658-350x350.png"
"Bunnelby","£66.00","https://scrapeme.live/wp-content/uploads/2018/08/659-350x350.png"
"Fletchling","£43.00","https://scrapeme.live/wp-content/uploads/2018/08/661-350x350.png"
"Fletchinder","£147.00","https://scrapeme.live/wp-content/uploads/2018/08/662-350x350.png"
"Talonflame","£84.00","https://scrapeme.live/wp-content/uploads/2018/08/663-350x350.png"
"Scatterbug","£40.00","https://scrapeme.live/wp-content/uploads/2018/08/664-350x350.png"
"Spewpa","£155.00","https://scrapeme.live/wp-content/uploads/2018/08/665-350x350.png"
"Vivillon","£177.00","https://scrapeme.live/wp-content/uploads/2018/08/666-350x350.png"
"Litleo","£34.00","https://scrapeme.live/wp-content/uploads/2018/08/667-350x350.png"
"Pyroar","£127.00","https://scrapeme.live/wp-content/uploads/2018/08/668-350x350.png"
"Flabebe","£79.00","https://scrapeme.live/wp-content/uploads/2018/08/669-350x350.png"
"Floette","£149.00","https://scrapeme.live/wp-content/uploads/2018/08/670-350x350.png"
"Florges","£93.00","https://scrapeme.live/wp-content/uploads/2018/08/671-350x350.png"
"Skiddo","£129.00","https://scrapeme.live/wp-content/uploads/2018/08/672-350x350.png"
"Gogoat","£97.00","https://scrapeme.live/wp-content/uploads/2018/08/673-350x350.png"
"Pangoro","£76.00","https://scrapeme.live/wp-content/uploads/2018/08/675-350x350.png"
"Furfrou","£165.00","https://scrapeme.live/wp-content/uploads/2018/08/676-350x350.png"
"Espurr","£149.00","https://scrapeme.live/wp-content/uploads/2018/08/677-350x350.png"
"Honedge","£101.00","https://scrapeme.live/wp-content/uploads/2018/08/679-350x350.png"
"Doublade","£164.00","https://scrapeme.live/wp-content/uploads/2018/08/680-350x350.png"
"Spritzee","£58.00","https://scrapeme.live/wp-content/uploads/2018/08/682-350x350.png"
"Aromatisse","£194.00","https://scrapeme.live/wp-content/uploads/2018/08/683-350x350.png"
"Swirlix","£90.00","https://scrapeme.live/wp-content/uploads/2018/08/684-350x350.png"
"Slurpuff","£66.00","https://scrapeme.live/wp-content/uploads/2018/08/685-350x350.png"
"Inkay","£38.00","https://scrapeme.live/wp-content/uploads/2018/08/686-350x350.png"
"Malamar","£58.00","https://scrapeme.live/wp-content/uploads/2018/08/687-350x350.png"
"Binacle","£102.00","https://scrapeme.live/wp-content/uploads/2018/08/688-350x350.png"
"Barbaracle","£165.00","https://scrapeme.live/wp-content/uploads/2018/08/689-350x350.png"
"Skrelp","£63.00","https://scrapeme.live/wp-content/uploads/2018/08/690-350x350.png"
"Dragalge","£151.00","https://scrapeme.live/wp-content/uploads/2018/08/691-350x350.png"
"Clauncher","£29.00","https://scrapeme.live/wp-content/uploads/2018/08/692-350x350.png"
"Clawitzer","£69.00","https://scrapeme.live/wp-content/uploads/2018/08/693-350x350.png"
"Helioptile","£62.00","https://scrapeme.live/wp-content/uploads/2018/08/694-350x350.png"
"Heliolisk","£83.00","https://scrapeme.live/wp-content/uploads/2018/08/695-350x350.png"
"Tyrunt","£62.00","https://scrapeme.live/wp-content/uploads/2018/08/696-350x350.png"
"Tyrantrum","£26.00","https://scrapeme.live/wp-content/uploads/2018/08/697-350x350.png"
"Amaura","£155.00","https://scrapeme.live/wp-content/uploads/2018/08/698-350x350.png"
"Aurorus","£189.00","https://scrapeme.live/wp-content/uploads/2018/08/699-350x350.png"
"Sylveon","£48.00","https://scrapeme.live/wp-content/uploads/2018/08/700-350x350.png"
"Hawlucha","£44.00","https://scrapeme.live/wp-content/uploads/2018/08/701-350x350.png"
"Dedenne","£118.00","https://scrapeme.live/wp-content/uploads/2018/08/702-350x350.png"
"Carbink","£171.00","https://scrapeme.live/wp-content/uploads/2018/08/703-350x350.png"
"Goomy","£110.00","https://scrapeme.live/wp-content/uploads/2018/08/704-350x350.png"
"Sliggoo","£109.00","https://scrapeme.live/wp-content/uploads/2018/08/705-350x350.png"
"Goodra","£192.00","https://scrapeme.live/wp-content/uploads/2018/08/706-350x350.png"
"Klefki","£179.00","https://scrapeme.live/wp-content/uploads/2018/08/707-350x350.png"
"Trevenant","£53.00","https://scrapeme.live/wp-content/uploads/2018/08/709-350x350.png"
"Bergmite","£119.00","https://scrapeme.live/wp-content/uploads/2018/08/712-350x350.png"
"Avalugg","£71.00","https://scrapeme.live/wp-content/uploads/2018/08/713-350x350.png"
"Noibat","£126.00","https://scrapeme.live/wp-content/uploads/2018/08/714-350x350.png"
"Noivern","£75.00","https://scrapeme.live/wp-content/uploads/2018/08/715-350x350.png"
"Xerneas","£30.00","https://scrapeme.live/wp-content/uploads/2018/08/716-350x350.png"
"Yveltal","£59.00","https://scrapeme.live/wp-content/uploads/2018/08/717-350x350.png"
"Zygarde","£83.00","https://scrapeme.live/wp-content/uploads/2018/08/718-350x350.png"
"Diancie","£27.00","https://scrapeme.live/wp-content/uploads/2018/08/719-350x350.png"
"Hoopa","£189.00","https://scrapeme.live/wp-content/uploads/2018/08/720-350x350.png"
"Volcanion","£45.00","https://scrapeme.live/wp-content/uploads/2018/08/721-350x350.png"
"Dartrix","£169.00","https://scrapeme.live/wp-content/uploads/2018/08/723-350x350.png"
"Decidueye","£106.00","https://scrapeme.live/wp-content/uploads/2018/08/724-350x350.png"
"Litten","£132.00","https://scrapeme.live/wp-content/uploads/2018/08/725-350x350.png"
"Torracat","£184.00","https://scrapeme.live/wp-content/uploads/2018/08/726-350x350.png"
"Incineroar","£36.00","https://scrapeme.live/wp-content/uploads/2018/08/727-350x350.png"
"Popplio","£158.00","https://scrapeme.live/wp-content/uploads/2018/08/728-350x350.png"
"Brionne","£172.00","https://scrapeme.live/wp-content/uploads/2018/08/729-350x350.png"
"Primarina","£143.00","https://scrapeme.live/wp-content/uploads/2018/08/730-350x350.png"
"Pikipek","£51.00","https://scrapeme.live/wp-content/uploads/2018/08/731-350x350.png"
"Trumbeak","£59.00","https://scrapeme.live/wp-content/uploads/2018/08/732-350x350.png"
"Toucannon","£77.00","https://scrapeme.live/wp-content/uploads/2018/08/733-350x350.png"
"Yungoos","£159.00","https://scrapeme.live/wp-content/uploads/2018/08/734-350x350.png"
"Gumshoos","£123.00","https://scrapeme.live/wp-content/uploads/2018/08/735-350x350.png"
"Grubbin","£77.00","https://scrapeme.live/wp-content/uploads/2018/08/736-350x350.png"
"Charjabug","£76.00","https://scrapeme.live/wp-content/uploads/2018/08/737-350x350.png"
"Vikavolt","£88.00","https://scrapeme.live/wp-content/uploads/2018/08/738-350x350.png"
"Crabrawler","£181.00","https://scrapeme.live/wp-content/uploads/2018/08/739-350x350.png"
"Crabominable","£65.00","https://scrapeme.live/wp-content/uploads/2018/08/740-350x350.png"
"Cutiefly","£118.00","https://scrapeme.live/wp-content/uploads/2018/08/742-350x350.png"
"Ribombee","£100.00","https://scrapeme.live/wp-content/uploads/2018/08/743-350x350.png"
"Rockruff","£149.00","https://scrapeme.live/wp-content/uploads/2018/08/744-350x350.png"
"Mareanie","£47.00","https://scrapeme.live/wp-content/uploads/2018/08/747-350x350.png"
"Toxapex","£91.00","https://scrapeme.live/wp-content/uploads/2018/08/748-350x350.png"
"Mudbray","£96.00","https://scrapeme.live/wp-content/uploads/2018/08/749-350x350.png"
"Mudsdale","£111.00","https://scrapeme.live/wp-content/uploads/2018/08/750-350x350.png"
"Dewpider","£84.00","https://scrapeme.live/wp-content/uploads/2018/08/751-350x350.png"
"Araquanid","£48.00","https://scrapeme.live/wp-content/uploads/2018/08/752-350x350.png"
"Fomantis","£104.00","https://scrapeme.live/wp-content/uploads/2018/08/753-350x350.png"
"Lurantis","£159.00","https://scrapeme.live/wp-content/uploads/2018/08/754-350x350.png"
"Morelull","£87.00","https://scrapeme.live/wp-content/uploads/2018/08/755-350x350.png"
"Shiinotic","£75.00","https://scrapeme.live/wp-content/uploads/2018/08/756-350x350.png"
"Salandit","£158.00","https://scrapeme.live/wp-content/uploads/2018/08/757-350x350.png"
"Salazzle","£166.00","https://scrapeme.live/wp-content/uploads/2018/08/758-350x350.png"
"Stufful","£70.00","https://scrapeme.live/wp-content/uploads/2018/08/759-350x350.png"
"Bewear","£117.00","https://scrapeme.live/wp-content/uploads/2018/08/760-350x350.png"
"Bounsweet","£193.00","https://scrapeme.live/wp-content/uploads/2018/08/761-350x350.png"
"Steenee","£27.00","https://scrapeme.live/wp-content/uploads/2018/08/762-350x350.png"
"Tsareena","£186.00","https://scrapeme.live/wp-content/uploads/2018/08/763-350x350.png"
"Comfey","£28.00","https://scrapeme.live/wp-content/uploads/2018/08/764-350x350.png"
"Oranguru","£139.00","https://scrapeme.live/wp-content/uploads/2018/08/765-350x350.png"
"Passimian","£182.00","https://scrapeme.live/wp-content/uploads/2018/08/766-350x350.png"
"Wimpod","£137.00","https://scrapeme.live/wp-content/uploads/2018/08/767-350x350.png"
"Golisopod","£32.00","https://scrapeme.live/wp-content/uploads/2018/08/768-350x350.png"
"Sandygast","£131.00","https://scrapeme.live/wp-content/uploads/2018/08/769-350x350.png"
"Palossand","£187.00","https://scrapeme.live/wp-content/uploads/2018/08/770-350x350.png"
"Pyukumuku","£97.00","https://scrapeme.live/wp-content/uploads/2018/08/771-350x350.png"
"Silvally","£133.00","https://scrapeme.live/wp-content/uploads/2018/08/773-350x350.png"
"Komala","£65.00","https://scrapeme.live/wp-content/uploads/2018/08/775-350x350.png"
"Turtonator","£117.00","https://scrapeme.live/wp-content/uploads/2018/08/776-350x350.png"
"Togedemaru","£45.00","https://scrapeme.live/wp-content/uploads/2018/08/777-350x350.png"
"Drampa","£133.00","https://scrapeme.live/wp-content/uploads/2018/08/780-350x350.png"
"Jangmo-o","£107.00","https://scrapeme.live/wp-content/uploads/2018/08/782-350x350.png"
"Hakamo-o","£57.00","https://scrapeme.live/wp-content/uploads/2018/08/783-350x350.png"
"Kommo-o","£170.00","https://scrapeme.live/wp-content/uploads/2018/08/784-350x350.png"
"Tapu-koko","£159.00","https://scrapeme.live/wp-content/uploads/2018/08/785-350x350.png"
"Tapu-lele","£62.00","https://scrapeme.live/wp-content/uploads/2018/08/786-350x350.png"
"Tapu-bulu","£165.00","https://scrapeme.live/wp-content/uploads/2018/08/787-350x350.png"
"Tapu-fini","£123.00","https://scrapeme.live/wp-content/uploads/2018/08/788-350x350.png"
"Solgaleo","£125.00","https://scrapeme.live/wp-content/uploads/2018/08/791-350x350.png"
"Lunala","£58.00","https://scrapeme.live/wp-content/uploads/2018/08/792-350x350.png"
"Nihilego","£67.00","https://scrapeme.live/wp-content/uploads/2018/08/793-350x350.png"
"Buzzwole","£172.00","https://scrapeme.live/wp-content/uploads/2018/08/794-350x350.png"
"Pheromosa","£62.00","https://scrapeme.live/wp-content/uploads/2018/08/795-350x350.png"
"Xurkitree","£174.00","https://scrapeme.live/wp-content/uploads/2018/08/796-350x350.png"
"Celesteela","£151.00","https://scrapeme.live/wp-content/uploads/2018/08/797-350x350.png"
"Kartana","£197.00","https://scrapeme.live/wp-content/uploads/2018/08/798-350x350.png"
"Guzzlord","£73.00","https://scrapeme.live/wp-content/uploads/2018/08/799-350x350.png"
"Necrozma","£68.00","https://scrapeme.live/wp-content/uploads/2018/08/800-350x350.png"
"Marshadow","£107.00","https://scrapeme.live/wp-content/uploads/2018/08/802-350x350.png"
"Poipole","£130.00","https://scrapeme.live/wp-content/uploads/2018/08/803-350x350.png"
"Naganadel","£30.00","https://scrapeme.live/wp-content/uploads/2018/08/804-350x350.png"
"Stakataka","£190.00","https://scrapeme.live/wp-content/uploads/2018/08/805-350x350.png"
"Blacephalon","£149.00","https://scrapeme.live/wp-content/uploads/2018/08/806-350x350.png"
